BENCH_HEADER,platform,op,variant,bytes,reps,runs,median_us,p25_us,p75_us,min_us,max_us
BENCH,apple-silicon-mac-native,T_H: SHA-1 (paper's T_H),bearssl,32,16,100,0.187,0.187,0.187,0.187,5.625
BENCH_CHECK,apple-silicon-mac-native,sha1_32B,2afd88fe5f0d39e0
BENCH,apple-silicon-mac-native,T_H: SHA-1 (2 blocks),bearssl,100,16,100,0.375,0.375,0.375,0.375,0.437
BENCH_CHECK,apple-silicon-mac-native,sha1_100B,bdf5c4dca619aca2
BENCH,apple-silicon-mac-native,SHA-256 (PID = H2(lambda||t), 40 B),bearssl,40,16,100,0.375,0.312,0.375,0.312,0.375
BENCH_CHECK,apple-silicon-mac-native,sha256_40B,6778c446118d3450
BENCH,apple-silicon-mac-native,HMAC-SHA256 (incl. key setup),bearssl,56,8,100,1.750,1.625,1.750,1.625,7.875
BENCH_CHECK,apple-silicon-mac-native,hmac_sha256,9e3c1fc8b0c59fbb
BENCH,apple-silicon-mac-native,HKDF-SHA256 extract+expand (64 B ikm to 32 B),bearssl,64,8,100,3.125,3.125,3.125,3.000,4.750
BENCH_CHECK,apple-silicon-mac-native,hkdf_sha256,c8d5e3b6cb59f67f
BENCH,apple-silicon-mac-native,AES-256 single block (key schedule cached),aes_ct,16,16,100,0.437,0.437,0.500,0.437,0.500
BENCH_CHECK,apple-silicon-mac-native,aes_block_aes_ct,64985ee4bc9e01f1
BENCH,apple-silicon-mac-native,AES-256 single block (key schedule cached),aes_small,16,16,100,0.187,0.187,0.187,0.125,0.187
BENCH_CHECK,apple-silicon-mac-native,aes_block_aes_small,64985ee4bc9e01f1
BENCH,apple-silicon-mac-native,AES-256 single block (key schedule cached),aes_big,16,16,100,0.062,0.062,0.125,0.062,0.125
BENCH_CHECK,apple-silicon-mac-native,aes_block_aes_big,64985ee4bc9e01f1
BENCH,apple-silicon-mac-native,AES-256-CTR 56 B (key schedule cached; no GHASH),aes_ct,56,8,100,0.875,0.875,0.875,0.875,1.000
BENCH_CHECK,apple-silicon-mac-native,aes_ctr56_aes_ct,9404f0086e8ab07a
BENCH,apple-silicon-mac-native,AES-256-CTR 56 B (key schedule cached; no GHASH),aes_small,56,8,100,0.750,0.625,0.750,0.625,0.750
BENCH_CHECK,apple-silicon-mac-native,aes_ctr56_aes_small,9404f0086e8ab07a
BENCH,apple-silicon-mac-native,AES-256-CTR 56 B (key schedule cached; no GHASH),aes_big,56,8,100,0.375,0.250,0.375,0.250,0.375
BENCH_CHECK,apple-silicon-mac-native,aes_ctr56_aes_big,9404f0086e8ab07a
BENCH,apple-silicon-mac-native,AES-256-GCM encrypt 56 B (key schedule cached),aes_ct,56,4,100,2.500,2.250,2.500,2.250,3.000
BENCH_CHECK,apple-silicon-mac-native,gcm_cached_ct_aes_ct,b1af0e35aaf47dfd
BENCH_CHECK,apple-silicon-mac-native,gcm_cached_tag_aes_ct,6bfd0beeaf152cbf
BENCH,apple-silicon-mac-native,AES-256-GCM encrypt 56 B (key schedule cached),aes_small,56,4,100,1.250,1.250,1.250,1.000,1.500
BENCH_CHECK,apple-silicon-mac-native,gcm_cached_ct_aes_small,b1af0e35aaf47dfd
BENCH_CHECK,apple-silicon-mac-native,gcm_cached_tag_aes_small,6bfd0beeaf152cbf
BENCH,apple-silicon-mac-native,AES-256-GCM encrypt 56 B (key schedule cached),aes_big,56,4,100,0.750,0.500,0.750,0.500,0.750
BENCH_CHECK,apple-silicon-mac-native,gcm_cached_ct_aes_big,b1af0e35aaf47dfd
BENCH_CHECK,apple-silicon-mac-native,gcm_cached_tag_aes_big,6bfd0beeaf152cbf
BENCH,apple-silicon-mac-native,AES-GCM encrypt+tag (incl. key setup),aes_ct(bitsliced,const-time)/AES-256,56,4,100,3.000,3.000,3.250,3.000,3.500
BENCH_CHECK,apple-silicon-mac-native,gcm_enc_0_256,b1af0e35aaf47dfd
BENCH_CHECK,apple-silicon-mac-native,gcm_enc_0_256,6bfd0beeaf152cbf
BENCH,apple-silicon-mac-native,AES-GCM decrypt+tag (incl. key setup),aes_ct(bitsliced,const-time)/AES-256,24,4,100,2.500,2.500,2.750,2.500,4.250
BENCH,apple-silicon-mac-native,AES-GCM encrypt+tag (incl. key setup),aes_ct(bitsliced,const-time)/AES-128,56,4,100,2.250,2.250,2.250,2.250,2.500
BENCH_CHECK,apple-silicon-mac-native,gcm_enc_0_128,9b9b4b7eaf5467d1
BENCH_CHECK,apple-silicon-mac-native,gcm_enc_0_128,042f7820d3f988c4
BENCH,apple-silicon-mac-native,AES-GCM decrypt+tag (incl. key setup),aes_ct(bitsliced,const-time)/AES-128,24,4,100,2.000,1.750,2.000,1.750,9.500
BENCH,apple-silicon-mac-native,AES-GCM encrypt+tag (incl. key setup),aes_small(table,small)/AES-256,56,4,100,1.500,1.250,1.500,1.250,1.750
BENCH_CHECK,apple-silicon-mac-native,gcm_enc_1_256,b1af0e35aaf47dfd
BENCH_CHECK,apple-silicon-mac-native,gcm_enc_1_256,6bfd0beeaf152cbf
BENCH,apple-silicon-mac-native,AES-GCM decrypt+tag (incl. key setup),aes_small(table,small)/AES-256,24,4,100,1.000,1.000,1.000,0.750,1.250
BENCH,apple-silicon-mac-native,AES-GCM encrypt+tag (incl. key setup),aes_small(table,small)/AES-128,56,4,100,1.000,1.000,1.000,1.000,1.250
BENCH_CHECK,apple-silicon-mac-native,gcm_enc_1_128,9b9b4b7eaf5467d1
BENCH_CHECK,apple-silicon-mac-native,gcm_enc_1_128,042f7820d3f988c4
BENCH,apple-silicon-mac-native,AES-GCM decrypt+tag (incl. key setup),aes_small(table,small)/AES-128,24,4,100,0.750,0.750,0.750,0.500,1.000
BENCH,apple-silicon-mac-native,AES-GCM encrypt+tag (incl. key setup),aes_big(table,fast)/AES-256,56,4,100,0.750,0.750,0.750,0.750,1.000
BENCH_CHECK,apple-silicon-mac-native,gcm_enc_2_256,b1af0e35aaf47dfd
BENCH_CHECK,apple-silicon-mac-native,gcm_enc_2_256,6bfd0beeaf152cbf
BENCH,apple-silicon-mac-native,AES-GCM decrypt+tag (incl. key setup),aes_big(table,fast)/AES-256,24,4,100,0.500,0.500,0.750,0.500,0.750
BENCH,apple-silicon-mac-native,AES-GCM encrypt+tag (incl. key setup),aes_big(table,fast)/AES-128,56,4,100,0.500,0.500,0.750,0.500,0.750
BENCH_CHECK,apple-silicon-mac-native,gcm_enc_2_128,9b9b4b7eaf5467d1
BENCH_CHECK,apple-silicon-mac-native,gcm_enc_2_128,042f7820d3f988c4
BENCH,apple-silicon-mac-native,AES-GCM decrypt+tag (incl. key setup),aes_big(table,fast)/AES-128,24,4,100,0.500,0.500,0.500,0.250,0.500
BENCH,apple-silicon-mac-native,AES-256 key schedule only,aes_ct,32,8,100,0.625,0.500,0.625,0.500,0.625
BENCH,apple-silicon-mac-native,AES-256 key schedule only,aes_small,32,8,100,0.125,0.125,0.125,0.125,0.500
BENCH,apple-silicon-mac-native,AES-256 key schedule only,aes_big,32,8,100,0.125,0.125,0.125,0.125,0.250
BENCH,apple-silicon-mac-native,T_ECM: scalar mult (variable base),P-256 ec_p256_m15,32,1,24,596.000,573.000,598.000,572.000,686.000
BENCH_CHECK,apple-silicon-mac-native,P-256 ec_p256_m15,d651401dbc96ba35
BENCH,apple-silicon-mac-native,scalar mult (fixed base; mulgen),P-256 ec_p256_m15,32,1,24,407.000,396.000,408.000,395.000,413.000
BENCH_CHECK,apple-silicon-mac-native,P-256 ec_p256_m15,d651401dbc96ba35
BENCH,apple-silicon-mac-native,T_ECM: scalar mult (variable base),P-256 ec_p256_m31,32,1,24,240.000,233.000,247.000,230.000,273.000
BENCH_CHECK,apple-silicon-mac-native,P-256 ec_p256_m31,d651401dbc96ba35
BENCH,apple-silicon-mac-native,scalar mult (fixed base; mulgen),P-256 ec_p256_m31,32,1,24,162.000,162.000,169.000,158.000,260.000
BENCH_CHECK,apple-silicon-mac-native,P-256 ec_p256_m31,d651401dbc96ba35
BENCH,apple-silicon-mac-native,T_ECM: scalar mult (variable base),P-256 ec_prime_i15(generic),32,1,24,1310.000,1284.000,1325.000,1274.000,1573.000
BENCH_CHECK,apple-silicon-mac-native,P-256 ec_prime_i15(generic),d651401dbc96ba35
BENCH,apple-silicon-mac-native,scalar mult (fixed base; mulgen),P-256 ec_prime_i15(generic),32,1,24,1305.000,1290.000,1325.000,1271.000,1398.000
BENCH_CHECK,apple-silicon-mac-native,P-256 ec_prime_i15(generic),d651401dbc96ba35
BENCH,apple-silicon-mac-native,T_ECM: scalar mult (variable base),P-256 ec_prime_i31(generic),32,1,24,534.000,532.000,539.000,531.000,553.000
BENCH_CHECK,apple-silicon-mac-native,P-256 ec_prime_i31(generic),d651401dbc96ba35
BENCH,apple-silicon-mac-native,scalar mult (fixed base; mulgen),P-256 ec_prime_i31(generic),32,1,24,535.000,532.000,543.000,532.000,556.000
BENCH_CHECK,apple-silicon-mac-native,P-256 ec_prime_i31(generic),d651401dbc96ba35
BENCH,apple-silicon-mac-native,T_ECM: scalar mult (variable base),X25519 ec_c25519_m15,32,1,24,264.000,257.000,266.000,256.000,286.000
BENCH_CHECK,apple-silicon-mac-native,X25519 ec_c25519_m15,9947774178b2c237
BENCH,apple-silicon-mac-native,scalar mult (fixed base; mulgen),X25519 ec_c25519_m15,32,1,24,257.000,256.000,257.000,256.000,293.000
BENCH_CHECK,apple-silicon-mac-native,X25519 ec_c25519_m15,9947774178b2c237
BENCH,apple-silicon-mac-native,T_ECM: scalar mult (variable base),X25519 ec_c25519_m31,32,1,24,90.000,90.000,96.000,90.000,128.000
BENCH_CHECK,apple-silicon-mac-native,X25519 ec_c25519_m31,9947774178b2c237
BENCH,apple-silicon-mac-native,scalar mult (fixed base; mulgen),X25519 ec_c25519_m31,32,1,24,90.000,90.000,90.000,90.000,94.000
BENCH_CHECK,apple-silicon-mac-native,X25519 ec_c25519_m31,9947774178b2c237
BENCH_DONE
